Stage Pipeline,Count,,category,Count,,Pipeline by Status,Column 1,,,,,,,,,,#N/A,,,,,,,,,,
Stage,Count,,Outcome,Count,,Status,Count,,,,,,,,,,,,,,,,,,,,
Lost,101,,Account Won,27,,Active,27,,,,,,,,,,,,,,,,,,,,
Nurture,173,,Disqualified,63,,Cold,86,,,,,,,,,,,,,,,,,,,,
Outreach,155,,Follow-Up,42,,Disqualified,101,,,,,,,,,,,,,,,,,,,,
Prospect,1,,Initial Contact,70,,Interested (Warm),243,,,,,,,,,,,,,,,,,,,,
Won,27,,Interested (Warm),131,,,,,,,,,,,,,,,,,,,,,,,
,,,No Answer,14,,,,,,,,,,,,,,,,,,,,,,,
,,,Not Contacted,1,,,,,,,,,,,,,,,,,,,,,,,
,,,Not Interested,38,,,,,,,,,,,,,,,,,,,,,,,
,,,,,,,,,,,,,,,,,,,,,,,,,,,
,,,,,,,,,,,,,,,,,,,,,,,,,,,
,,,,,,,,,,,,,,,,,,,,,,,,,,,
,,,,,,,,,,,,,,,,,,,,,,,,,,,
,,,,,,,,,,,,,,,,,,,,,,,,,,,
,,,,,,,,,,,,,,,,,,,,,,,,,,,
Visit Date,Visits Per Day,,,,,,,,,,,,,,,,,,,,,,,,,,
,1,,,,,,,,,,,,,,,,,,,,,,,,,,
11/07/2025,13,,Stage,count Status,,Stage,count Status,,,,,,,,,,,,,,,,,,,,
11/10/2025,13,,Nurture,173,,Nurture,173,,,,,,,,,,,,,,,,,,,,
11/11/2025,15,,Outreach,155,,Outreach,155,,,,,,,,,,,,,,,,,,,,
11/12/2025,13,,Lost,101,,Lost,101,,,,,,,,,,,,,,,,,,,,
11/13/2025,16,,Won,27,,Won,27,,,,,,,,,,,,,,,,,,,,
11/14/2025,6,,Prospect,1,,Prospect,1,,,,,,,,,,,,,,,,,,,,
11/17/2025,9,,,0,,,0,,,,,,,,,,,,,,,,,,,,
11/18/2025,1,,,,,,,,,,,,,,,,,,,,,,,,,,
11/20/2025,7,,,,,,,,,,,,,,,,,,,,,,,,,,
11/21/2025,6,,,,,,,,,,,,,,,,,,,,,,,,,,
11/25/2025,6,,,,,,,,,,,,,,,,,,,,,,,,,,
11/26/2025,9,,,,,,,,,,,,,,,,,,,,,,,,,,
12/01/2025,8,,,,,,,,,,,,,,,,,,,,,,,,,,
12/02/2025,2,,,,,,,,,,,,,,,,,,,,,,,,,,
12/09/2025,5,,,,,,,,,,,,,,,,,,,,,,,,,,
12/10/2025,7,,,,,,,,,,,,,,,,,,,,,,,,,,
12/11/2025,2,,,,,,,,,,,,,,,,,,,,,,,,,,
12/12/2025,7,,,,,,,,,,,,,,,,,,,,,,,,,,
12/22/2025,9,,,,,,,,,,,,,,,,,,,,,,,,,,
12/23/2025,5,,,,,,,,,,,,,,,,,,,,,,,,,,
12/26/2025,6,,,,,,,,,,,,,,,,,,,,,,,,,,
12/29/2025,8,,,,,,,,,,,,,,,,,,,,,,,,,,
12/30/2025,10,,,,,,,,,,,,,,,,,,,,,,,,,,
01/02/2026,5,,,,,,,,,,,,,,,,,,,,,,,,,,
01/05/2026,9,,,,,,,,,,,,,,,,,,,,,,,,,,
01/06/2026,11,,,,,,,,,,,,,,,,,,,,,,,,,,
01/07/2026,4,,,,,,,,,,,,,,,,,,,,,,,,,,
01/08/2026,10,,,,,,,,,,,,,,,,,,,,,,,,,,
01/09/2026,12,,,,,,,,,,,,,,,,,,,,,,,,,,
01/12/2026,9,,,,,,,,,,,,,,,,,,,,,,,,,,
01/13/2026,5,,,,,,,,,,,,,,,,,,,,,,,,,,
01/14/2026,10,,,,,,,,,,,,,,,,,,,,,,,,,,
01/15/2026,14,,,,,,,,,,,,,,,,,,,,,,,,,,
01/16/2026,7,,,,,,,,,,,,,,,,,,,,,,,,,,
01/19/2026,15,,,,,,,,,,,,,,,,,,,,,,,,,,
01/20/2026,1,,,,,,,,,,,,,,,,,,,,,,,,,,
01/21/2026,19,,,,,,,,,,,,,,,,,,,,,,,,,,
01/22/2026,8,,,,,,,,,,,,,,,,,,,,,,,,,,
01/23/2026,8,,,,,,,,,,,,,,,,,,,,,,,,,,
01/28/2026,7,,,,,,,,,,,,,,,,,,,,,,,,,,
01/29/2026,7,,,,,,,,,,,,,,,,,,,,,,,,,,
01/30/2026,7,,,,,,,,,,,,,,,,,,,,,,,,,,
02/02/2026,10,,,,,,,,,,,,,,,,,,,,,,,,,,
02/03/2026,1,,,,,,,,,,,,,,,,,,,,,,,,,,
02/04/2026,12,,,,,,,,,,,,,,,,,,,,,,,,,,
02/05/2026,11,,,,,,,,,,,,,,,,,,,,,,,,,,
,,,,,,,,,,,,,,,,,,,,,,,,,,,
,,,,,,,,,,,,,,,,,,,,,,,,,,,
,,,,,,,,,,,,,,,,,,,,,,,,,,,
,,,,,,,,,,,,,,,,,,,,,,,,,,,
,,,,,,,,,,,,,,,,,,,,,,,,,,,
,,,,,,,,,,,,,,,,,,,,,,,,,,,
,,,,,,,,,,,,,,,,,,,,,,,,,,,
,,,,,,,,,,,,,,,,,,,,,,,,,,,
,,,,,,,,,,,,,,,,,,,,,,,,,,,
,,,,,,,,,,,Due Today,,,,,,,,,,,,,,,,
,,,,,,,,,,,LID-00042,CID-TOP671,Topline Trailers,01/23/2026,"Larry Cathy was in Waco for business, so I am going to have to stop by on another day. I left my card with the office assistant and she said she would pass it along.",Follow-Up,Nurture,Interested (Warm),02/06/2026,14,0,Follow-Up,General follow,Kyle Buzbee,FALSE,Visit,FALSE
,,,,,,,,,,,LID-00043,CID-AUT672,Auto Parts Warehouse,01/23/2026,"I am not sure who they use, but the office assistant gave me the owner's number, and I called him, and he was driving a truck and said he would call me back later, and I never got a call back. I will follow up first thing Monday morning.",Interested (Warm),Nurture,Interested (Warm),02/06/2026,14,0,Interested (Warm),Send pricing,Kyle Buzbee,FALSE,Visit,FALSE
,,,,,,,,,,,LID-00045,CID-HOL644,Holt,01/23/2026,"Met with Serena and they currently use Athens Iron and Metal and she was not sure what they were paying, but she said she had gotten some time, and then she would pull it up and give me a call back later in the day. I never got a call from her so if I haven't slipped and sufferered a mild to severe concussion by Monday from the ice then I will swing by there first thing in the morning.",Interested (Warm),Nurture,Interested (Warm),02/06/2026,14,0,Interested (Warm),Send pricing,Kyle Buzbee,TRUE,Visit,FALSE
,,,,,,,,,,,LID-00046,CID-SAW674,Sawyers Metals,01/23/2026,"I wasn't able to speak to anyone who could talk to me about the roll off because they had already gone home, so Monday, if frostbite hasn't gotten the best of my fingers and toes, I will stop by and try and get in contact with a manager.",Follow-Up,Nurture,Interested (Warm),02/06/2026,14,0,Follow-Up,General follow,Kyle Buzbee,FALSE,Visit,FALSE
,,,,,,,,,,,LID-00047,CID-THA363,That Window Guy,01/23/2026,The guy said that he would let the owner know that I called so I will keep trying to follow up until they tell me to stop contacting them.,Follow-Up,Nurture,Interested (Warm),02/06/2026,14,0,Follow-Up,General follow,Kyle Buzbee,TRUE,Phone,FALSE